"INDICATOR_CODE","INDICATOR_NAME","SOURCE_NOTE","SOURCE_ORGANIZATION",
"TX.VAL.AGRI.ZS.UN","Agricultural raw materials exports (% of merchandise exports)","Agricultural raw materials comprise section 2 of SITC Rev. 3 (crude materials, inedible, except fuels) excluding divisions 22 (oil-seeds and oleaginous fruits), 27 (crude fertilizers and minerals excluding coal, petroleum, and precious stones), and 28 (metalliferous ores and scrap). This indicator is expressed as a percentage of merchandise exports which is comprised of goods whose economic ownership is changed between a resident and a non-resident and that are not included in the following specific categories: goods under merchanting, non-monetary gold, and parts of travel, construction, and government goods and services n.i.e.","Comtrade database, United Nations (UN), publisher: UN Statistics Division;
World Integrated Trade Solution system (WITS);
Staff estimates, World Bank (WB)",
"TM.VAL.AGRI.ZS.UN","Agricultural raw materials imports (% of merchandise imports)","Agricultural raw materials comprise section 2 of SITC Rev. 3 (crude materials, inedible, except fuels) excluding divisions 22 (oil-seeds and oleaginous fruits), 27 (crude fertilizers and minerals excluding coal, petroleum, and precious stones), and 28 (metalliferous ores and scrap). This indicator is expressed as a percentage of merchandise imports which is comprised of goods whose economic ownership is changed between a non-resident and a resident and that are not included in the following specific categories: goods under merchanting, non-monetary gold, and parts of travel, construction, and government goods and services n.i.e.","Comtrade database, United Nations (UN), publisher: UN Statistics Division;
World Integrated Trade Solution system (WITS);
Staff estimates, World Bank (WB)",
"SP.RUR.TOTL.ZS","Rural population (% of total population)","Rural population refers to people living in rural areas as defined by national statistical offices. It is calculated as the difference between total population and urban population.","World Urbanization Prospects, United Nations (UN), uri: https://population.un.org/wup/, note: World Bank staff estimates based on the United Nations Population Division's World Urbanization Prospects, National definitions, publisher: UN Population Division;
Staff estimates, World Bank (WB), note: World Bank staff estimates based on the United Nations Population Division's World Urbanization Prospects, National definitions",
"SP.RUR.TOTL.ZG","Rural population growth (annual %)","Annual rural population growth rate for year t is the exponential rate of growth of midyear rural population from year t-1 to t, expressed as a percentage. Rural population refers to people living in rural areas as defined by national statistical offices. It is calculated as the difference between total population and urban population.","World Urbanization Prospects, United Nations (UN), uri: https://population.un.org/wup/, note: World Bank staff estimates based on the United Nations Population Division's World Urbanization Prospects, National definitions, publisher: UN Population Division;
Staff estimates, World Bank (WB), note: World Bank staff estimates based on the United Nations Population Division's World Urbanization Prospects, National definitions",
"SP.RUR.TOTL","Rural population","Rural population refers to people living in rural areas as defined by national statistical offices. It is calculated as the difference between total population and urban population. Aggregation of urban and rural population may not add up to total population because of different country coverages.","World Urbanization Prospects, United Nations (UN), uri: https://population.un.org/wup/, note: World Bank staff estimates based on the United Nations Population Division's World Urbanization Prospects, National definitions, publisher: UN Population Division;
Staff estimates, World Bank (WB), note: World Bank staff estimates based on the United Nations Population Division's World Urbanization Prospects, National definitions",
"SL.AGR.EMPL.ZS","Employment in agriculture (% of total employment) (modeled ILO estimate)","Employment is defined as persons of working age who were engaged in any activity to produce goods or provide services for pay or profit, whether at work during the reference period or not at work due to temporary absence from a job, or to working-time arrangement. The agriculture sector consists of activities in agriculture, hunting, forestry and fishing, in accordance with division 1 (ISIC 2) or categories A-B (ISIC 3) or category A (ISIC 4).","ILO Modelled Estimates database (ILOEST), International Labour Organization (ILO), uri: https://ilostat.ilo.org/data/bulk/, publisher: ILOSTAT, type: external database, date accessed: January 17, 2026",
"SL.AGR.EMPL.MA.ZS","Employment in agriculture, male (% of male employment) (modeled ILO estimate)","Employment is defined as persons of working age who were engaged in any activity to produce goods or provide services for pay or profit, whether at work during the reference period or not at work due to temporary absence from a job, or to working-time arrangement. The agriculture sector consists of activities in agriculture, hunting, forestry and fishing, in accordance with division 1 (ISIC 2) or categories A-B (ISIC 3) or category A (ISIC 4).","ILO Modelled Estimates database (ILOEST), International Labour Organization (ILO), uri: https://ilostat.ilo.org/data/bulk/, publisher: ILOSTAT, type: external database, date accessed: January 17, 2026",
"SL.AGR.EMPL.FE.ZS","Employment in agriculture, female (% of female employment) (modeled ILO estimate)","Employment is defined as persons of working age who were engaged in any activity to produce goods or provide services for pay or profit, whether at work during the reference period or not at work due to temporary absence from a job, or to working-time arrangement. The agriculture sector consists of activities in agriculture, hunting, forestry and fishing, in accordance with division 1 (ISIC 2) or categories A-B (ISIC 3) or category A (ISIC 4).","ILO Modelled Estimates database (ILOEST), International Labour Organization (ILO), uri: https://ilostat.ilo.org/data/bulk/, publisher: ILOSTAT, type: external database, date accessed: January 17, 2026",
"NV.AGR.TOTL.ZS","Agriculture, forestry, and fishing, value added (% of GDP)","Agriculture, forestry, and fishing corresponds to ISIC (Rev. 4) divisions 01-03 and includes the exploitation of vegetal and animal natural resources, comprising the activities of growing of crops, raising and breeding of animals, harvesting of timber and other plants, animals or animal products from a farm or their natural habitats.Value added is the contribution to the economy by a producer or an industry or an institutional sector, which is estimated by the total value of output produced and deducting the total value of intermediate consumption of goods and services used to produce that output. This indicator is expressed as a percentage of Gross Domestic Product (GDP) which is the total income earned through the production of goods and services in an economic territory during an accounting period. Note: For VAB countries, gross value added at factor cost is used as the denominator.","Country official statistics, National Statistical Organizations and/or Central Banks;
National Accounts data files, Organisation for Economic Co-operation and Development (OECD);
Staff estimates, World Bank (WB)",
"NV.AGR.TOTL.CD","Agriculture, forestry, and fishing, value added (current US$)","Agriculture, forestry, and fishing corresponds to ISIC (Rev. 4) divisions 01-03 and includes the exploitation of vegetal and animal natural resources, comprising the activities of growing of crops, raising and breeding of animals, harvesting of timber and other plants, animals or animal products from a farm or their natural habitats.Value added is the contribution to the economy by a producer or an industry or an institutional sector, which is estimated by the total value of output produced and deducting the total value of intermediate consumption of goods and services used to produce that output. This indicator is expressed in current prices, meaning no adjustment has been made to account for price changes over time. This indicator is expressed in United States dollars.","Country official statistics, National Statistical Offices (NSOs);
National Accounts data files, Central Banks;
Staff estimates, World Bank (WB)",
"ER.H2O.FWAG.ZS","Annual freshwater withdrawals, agriculture (% of total freshwater withdrawal)","Annual freshwater withdrawals refer to total water withdrawals, not counting evaporation losses from storage basins. Withdrawals also include water from desalination plants in countries where they are a significant source. Withdrawals can exceed 100 percent of total renewable resources where extraction from nonrenewable aquifers or desalination plants is considerable or where there is significant water reuse. Withdrawals for agriculture are total withdrawals for irrigation and livestock production. Data are for the most recent year available for 1987-2002.","AQUASTAT - FAO's Global Information System on Water and Agriculture, Food and Agriculture Organization of the United Nations (FAO), uri: https://data.apps.fao.org/aquastat/, publisher: Food and Agriculture Organization of the United Nations (FAO), date accessed: 20240529",
"EN.POP.EL5M.RU.ZS","Rural population living in areas where elevation is below 5 meters (% of total population)","Rural population below 5m is the percentage of the total population, living in areas where the elevation is 5 meters or less.","Low Elevation Coastal Zone (LECZ) Urban-Rural Population and Land Area Estimates, Version 3, Center For International Earth Science Information Network (CIESIN) - Columbia University, uri: https://doi.org/10.7927/d1x1-d702, publisher: NASA Earthdata GIS, date accessed: 202112, date published: 202112;
CUNY Institute for Demographic Research (CIDR) - City University of New York, uri: https://doi.org/10.7927/d1x1-d702, publisher: NASA Earthdata GIS, date accessed: 202112",
"EG.ELC.ACCS.RU.ZS","Access to electricity, rural (% of rural population)","Access to electricity, rural is the percentage of rural population with access to electricity.","SDG 7.1.1 Electrification Dataset, World Bank (WB), uri: https://trackingsdg7.esmap.org/downloads, note: Data is downloaded from ESMAP website. Data is released when a new Tracking SDG7 report is released., publisher: World Bank (WB), date accessed: 2024-05-16, date published: 2023",
"AG.YLD.CREL.KG","Cereal yield (kg per hectare)","Cereal yield, measured as kilograms per hectare of harvested land, includes wheat, rice, maize, barley, oats, rye, millet, sorghum, buckwheat, and mixed grains. Production data on cereals relate to crops harvested for dry grain only. Cereal crops harvested for hay or harvested green for food, feed, or silage and those used for grazing are excluded. The FAO allocates production data to the calendar year in which the bulk of the harvest took place. Most of a crop harvested near the end of a year will be used in the following year.","FAO electronic files and web site, Food and Agriculture Organization of the United Nations (FAO), uri: https://www.fao.org/faostat/en/#data/QCL, publisher: Food and Agriculture Organization of the United Nations (FAO)",
"AG.SRF.TOTL.K2","Surface area (sq. km)","Surface area is a country's total area, including areas under inland bodies of water and some coastal waterways.","FAO electronic files and web site, Food and Agriculture Organization of the United Nations (FAO), publisher: Food and Agriculture Organization of the United Nations (FAO)",
"AG.PRD.LVSK.XD","Livestock production index (2014-2016 = 100)","Livestock production index includes meat and milk from all sources, dairy products such as cheese, and eggs, honey, raw silk, wool, and hides and skins.","FAO electronic files and web site, Food and Agriculture Organization of the United Nations (FAO), publisher: Food and Agriculture Organization of the United Nations (FAO)",
"AG.PRD.FOOD.XD","Food production index (2014-2016 = 100)","Food production index covers food crops that are considered edible and that contain nutrients. Coffee and tea are excluded because, although edible, they have no nutritive value.","FAO electronic files and web site, Food and Agriculture Organization of the United Nations (FAO), publisher: Food and Agriculture Organization of the United Nations (FAO)",
"AG.PRD.CROP.XD","Crop production index (2014-2016 = 100)","Crop production index shows agricultural production for each year relative to the base period 2014-2016. It includes all crops except fodder crops. Regional and income group aggregates for the FAO's production indexes are calculated from the underlying values in international dollars, normalized to the base period 2014-2016.","FAO electronic files and web site, Food and Agriculture Organization of the United Nations (FAO), publisher: Food and Agriculture Organization of the United Nations (FAO)",
"AG.PRD.CREL.MT","Cereal production (metric tons)","Production data on cereals relate to crops harvested for dry grain only. Cereal crops harvested for hay or harvested green for food, feed, or silage and those used for grazing are excluded.","FAO electronic files and web site, Food and Agriculture Organization of the United Nations (FAO), uri: https://www.fao.org/faostat/en/#data/QCL, publisher: Food and Agriculture Organization of the United Nations (FAO)",
"AG.LND.TOTL.RU.K2","Rural land area (sq. km)","Rural land area in square kilometers, derived from urban extent grids which distinguish urban and rural areas based on a combination of population counts (persons), settlement points, and the presence of Nighttime Lights. Areas are defined as urban where contiguous lighted cells from the Nighttime Lights or approximated urban extents based on buffered settlement points for which the total population is greater than 5,000 persons.","Low Elevation Coastal Zone (LECZ) Urban-Rural Population and Land Area Estimates, Version 2, Center For International Earth Science Information Network (CIESIN) - Columbia University, uri: https://www.earthdata.nasa.gov/data/catalog/sedac-ciesin-sedac-lecz-urplaev2-2.00, publisher: NASA Socioeconomic Data and Applications Center (SEDAC), date published: 2013",
"AG.LND.TOTL.K2","Land area (sq. km)","Land area is a country's total area, excluding area under inland water bodies, national claims to continental shelf, and exclusive economic zones. In most cases the definition of inland water bodies includes major rivers and lakes.","FAOSTAT, Food and Agriculture Organization of the United Nations (FAO), uri: https://www.fao.org/faostat/en/#data/RL, publisher: Food and Agriculture Organization of the United Nations (FAO)",
"AG.LND.PRCP.MM","Average precipitation in depth (mm per year)","Average precipitation is the long-term average in depth (over space and time) of annual precipitation in the country. Precipitation is defined as any kind of water that falls from clouds as a liquid or a solid.","FAOSTAT, Food and Agriculture Organization of the United Nations (FAO), publisher: Food and Agriculture Organization of the United Nations (FAO)",
"AG.LND.IRIG.AG.ZS","Agricultural irrigated land (% of total agricultural land)","Agricultural irrigated land refers to agricultural areas purposely provided with water, including land irrigated by controlled flooding.","FAO electronic files and web site, Food and Agriculture Organization of the United Nations (FAO), uri: https://www.fao.org/faostat/en/#data/RL, publisher: Food and Agriculture Organization of the United Nations (FAO)",
"AG.LND.FRST.ZS","Forest area (% of land area)","Forest area (% of land area) is the share of total land area that is under natural or planted stands of trees of at least 5 meters in situ, whether productive or not, and excludes tree stands in agricultural production systems (for example, in fruit plantations and agroforestry systems) and trees in urban parks and gardens.","FAOSTAT, Food and Agriculture Organization of the United Nations (FAO), uri: https://www.fao.org/faostat/en/#data/RL, publisher: Food and Agriculture Organization of the United Nations (FAO)",
"AG.LND.FRST.K2","Forest area (sq. km)","Forest area is land under natural or planted stands of trees of at least 5 meters in situ, whether productive or not, and excludes tree stands in agricultural production systems (for example, in fruit plantations and agroforestry systems) and trees in urban parks and gardens.","FAOSTAT, Food and Agriculture Organization of the United Nations (FAO), uri: https://www.fao.org/faostat/en/#data/RL, publisher: Food and Agriculture Organization of the United Nations (FAO)",
"AG.LND.EL5M.RU.ZS","Rural land area where elevation is below 5 meters (% of total land area)","Rural land area below 5m is the percentage of total land where the rural land elevation is 5 meters or less.","Low Elevation Coastal Zone (LECZ) Urban-Rural Population and Land Area Estimates, Version 3, Center For International Earth Science Information Network (CIESIN) - Columbia University, uri: https://www.earthdata.nasa.gov/data/catalog/sedac-ciesin-sedac-lecz-urplaev3-3.00, publisher: NASA Socioeconomic Data and Applications Center (SEDAC), date published: 2021",
"AG.LND.EL5M.RU.K2","Rural land area where elevation is below 5 meters (sq. km)","Rural land area below 5m is the total rural land area in square kilometers where the elevation is 5 meters or less.","Low Elevation Coastal Zone (LECZ) Urban-Rural Population and Land Area Estimates, Version 3, Center For International Earth Science Information Network (CIESIN) - Columbia University, uri: https://www.earthdata.nasa.gov/data/catalog/sedac-ciesin-sedac-lecz-urplaev3-3.00, publisher: NASA Socioeconomic Data and Applications Center (SEDAC), date published: 2021",
"AG.LND.CROP.ZS","Permanent cropland (% of land area)","Permanent cropland is land cultivated with crops that occupy the land for long periods and need not be replanted after each harvest, such as cocoa, coffee, and rubber. This category includes land under flowering shrubs, fruit trees, nut trees, and vines, but excludes land under trees grown for wood or timber.","FAO electronic files and web site, Food and Agriculture Organization of the United Nations (FAO), publisher: Food and Agriculture Organization of the United Nations (FAO)",
"AG.LND.CREL.HA","Land under cereal production (hectares)","Land under cereal production refers to harvested area, although some countries report only sown or cultivated area. Cereals include wheat, rice, maize, barley, oats, rye, millet, sorghum, buckwheat, and mixed grains. Production data on cereals relate to crops harvested for dry grain only. Cereal crops harvested for hay or harvested green for food, feed, or silage and those used for grazing are excluded.","FAO electronic files and web site, Food and Agriculture Organization of the United Nations (FAO), uri: https://www.fao.org/faostat/en/#data/QCL, note: Item code F1717, publisher: Food and Agriculture Organization of the United Nations (FAO)",
"AG.LND.ARBL.ZS","Arable land (% of land area)","Arable land includes land defined by the FAO as land under temporary crops (double-cropped areas are counted once), temporary meadows for mowing or for pasture, land under market or kitchen gardens, and land temporarily fallow. Land abandoned as a result of shifting cultivation is excluded.","FAO electronic files and website, Food and Agriculture Organization of the United Nations (FAO), publisher: Food and Agriculture Organization of the United Nations (FAO)",
"AG.LND.ARBL.HA.PC","Arable land (hectares per person)","Arable land (hectares per person) includes land defined by the FAO as land under temporary crops (double-cropped areas are counted once), temporary meadows for mowing or for pasture, land under market or kitchen gardens, and land temporarily fallow. Land abandoned as a result of shifting cultivation is excluded.","FAO electronic files and web site, Food and Agriculture Organization of the United Nations (FAO), publisher: Food and Agriculture Organization of the United Nations (FAO)",
"AG.LND.ARBL.HA","Arable land (hectares)","Arable land (in hectares) includes land defined by the FAO as land under temporary crops (double-cropped areas are counted once), temporary meadows for mowing or for pasture, land under market or kitchen gardens, and land temporarily fallow. Land abandoned as a result of shifting cultivation is excluded.","FAO electronic files and web site, Food and Agriculture Organization of the United Nations (FAO), publisher: Food and Agriculture Organization of the United Nations (FAO)",
"AG.LND.AGRI.ZS","Agricultural land (% of land area)","Agricultural land refers to the share of land area that is arable, under permanent crops, and under permanent pastures. Arable land includes land defined by the FAO as land under temporary crops (double-cropped areas are counted once), temporary meadows for mowing or for pasture, land under market or kitchen gardens, and land temporarily fallow. Land abandoned as a result of shifting cultivation is excluded. Land under permanent crops is land cultivated with crops that occupy the land for long periods and need not be replanted after each harvest, such as cocoa, coffee, and rubber. This category includes land under flowering shrubs, fruit trees, nut trees, and vines, but excludes land under trees grown for wood or timber. Permanent pasture is land used for five or more years for forage, including natural and cultivated crops.","FAO electronic files and web site, Food and Agriculture Organization of the United Nations (FAO), publisher: Food and Agriculture Organization of the United Nations (FAO)",
"AG.LND.AGRI.K2","Agricultural land (sq. km)","Agricultural land refers to the land area that is arable, under permanent crops, and under permanent pastures. Arable land includes land defined by the FAO as land under temporary crops (double-cropped areas are counted once), temporary meadows for mowing or for pasture, land under market or kitchen gardens, and land temporarily fallow. Land abandoned as a result of shifting cultivation is excluded. Land under permanent crops is land cultivated with crops that occupy the land for long periods and need not be replanted after each harvest, such as cocoa, coffee, and rubber. This category includes land under flowering shrubs, fruit trees, nut trees, and vines, but excludes land under trees grown for wood or timber. Permanent pasture is land used for five or more years for forage, including natural and cultivated crops.","FAO electronic files and web site, Food and Agriculture Organization of the United Nations (FAO), publisher: Food and Agriculture Organization of the United Nations (FAO)",
"AG.CON.FERT.ZS","Fertilizer consumption (kilograms per hectare of arable land)","Fertilizer consumption measures the quantity of plant nutrients used per unit of arable land. Fertilizer products cover nitrogenous, potash, and phosphate fertilizers (including ground rock phosphate). Traditional nutrients--animal and plant manures--are not included. For the purpose of data dissemination, FAO has adopted the concept of a calendar year (January to December). Some countries compile fertilizer data on a calendar year basis, while others are on a split-year basis. Arable land includes land defined by the FAO as land under temporary crops (double-cropped areas are counted once), temporary meadows for mowing or for pasture, land under market or kitchen gardens, and land temporarily fallow. Land abandoned as a result of shifting cultivation is excluded.","FAO electronic files and web site, Food and Agriculture Organization of the United Nations (FAO), publisher: Food and Agriculture Organization of the United Nations (FAO)",
"AG.CON.FERT.PT.ZS","Fertilizer consumption (% of fertilizer production)","Fertilizer consumption measures the quantity of plant nutrients and is calculated as production plus imports minus exports. Fertilizer products cover nitrogenous, potash, and phosphate fertilizers (including ground rock phosphate). Traditional nutrients--animal and plant manures--are not included. Because some chemical compounds used for fertilizers have other industrial applications, the consumption data may overstate the quantity available for crops. Fertilizer consumption as a share of production shows the agriculture sector's vulnerability to import and energy price fluctuation. Most fertilizers that are commonly used in agriculture contain the three basic plant nutrients-nitrogen, phosphorus, and potassium. Some fertilizers also contain certain micronutrients such as zinc and other metals that are necessary for plant growth. Materials that are applied to the land primarily to enhance soil characteristics (rather than as plant food) are commonly referred to as soil amendments.","FAO electronic files and web site, Food and Agriculture Organization of the United Nations (FAO), publisher: Food and Agriculture Organization of the United Nations (FAO)",
